编号,供应商,品名,简称
3,泰福高,T0042,泰福高保温饭盒
4,泰福高,T0045,泰福高保温饭盒
5,泰福高,T0047,泰福高保温饭盒
6,泰福高,T0050,泰福高保温饭盒
7,泰福高,T0057,泰福高保温饭盒
477,泰福高,T0080,泰福高保温饭盒
478,泰福高,T0081,泰福高保温饭盒
479,泰福高,T0091,泰福高保温饭盒
8,泰福高,T0700,泰福高保温饭盒
9,泰福高,T0701,泰福高保温饭盒
369,泰福高,T1033,泰福高保温杯
370,泰福高,T1034,泰福高保温杯
10,泰福高,T1050,泰福高保温杯
11,泰福高,T1051,泰福高保温杯
12,泰福高,T1052,泰福高保温杯
445,泰福高,T1210,泰福高保温杯
489,泰福高,T1211,泰福高保温杯
383,泰福高,T1212,泰福高保温杯
13,泰福高,T1280,泰福高保温壶
14,泰福高,T1283,泰福高保温壶
15,泰福高,T1284,泰福高保温壶
16,泰福高,T1285,泰福高保温壶
17,泰福高,T1295,泰福高保温壶
18,泰福高,T1296,泰福高保温壶
19,泰福高,T1297,泰福高保温壶
20,泰福高,T1298,泰福高保温壶
21,泰福高,T1300,泰福高保温壶
22,泰福高,T1309,泰福高保温壶
23,泰福高,T1310,泰福高保温壶
24,泰福高,T1311,泰福高保温壶
25,泰福高,T1320,泰福高保温壶
26,泰福高,T1321,泰福高保温壶
27,泰福高,T1350,泰福高保温壶
28,泰福高,T1351,泰福高保温壶
29,泰福高,T1352,泰福高保温壶
30,泰福高,T1370,泰福高保温壶
31,泰福高,T1371,泰福高保温壶
32,泰福高,T1372,泰福高保温壶
33,泰福高,T1380,泰福高保温杯
34,泰福高,T1381,泰福高保温杯
35,泰福高,T1382,泰福高保温杯
36,泰福高,T1390,泰福高保温杯
37,泰福高,T1391,泰福高保温杯
38,泰福高,T1392,泰福高保温杯
39,泰福高,T1445,泰福高保温杯
40,泰福高,T1446,泰福高保温杯
41,泰福高,T1460,泰福高保温杯
42,泰福高,T1461,泰福高保温杯
43,泰福高,T1563,泰福高保温杯
44,泰福高,T1564,泰福高保温杯
45,泰福高,T1565,泰福高保温杯
46,泰福高,T1566,泰福高保温杯
47,泰福高,T1567,泰福高保温杯
48,泰福高,T1568,泰福高保温杯
49,泰福高,T1569,泰福高保温杯
50,泰福高,T1570,泰福高保温杯
51,泰福高,T1571,泰福高保温杯
52,泰福高,T1572,泰福高保温杯
382,泰福高,T1573,泰福高保温杯
516,泰福高,T1590,泰福高保温杯
517,泰福高,T1592,泰福高保温杯
518,泰福高,T1593,泰福高保温杯
53,泰福高,T1820,泰福高保温壶
54,泰福高,T1821,泰福高保温壶
55,泰福高,T1822,泰福高保温壶
56,泰福高,T1823,泰福高保温壶
57,泰福高,T1830,泰福高保温壶
58,泰福高,T1831,泰福高保温壶
59,泰福高,T1832,泰福高保温壶
60,泰福高,T1833,泰福高保温壶
61,泰福高,T1900,泰福高保温杯
62,泰福高,T1901,泰福高保温杯
63,泰福高,T1902,泰福高保温杯
64,泰福高,T1903,泰福高保温杯
65,泰福高,T1910,泰福高保温杯
66,泰福高,T1911,泰福高保温杯
67,泰福高,T1912,泰福高保温杯
350,泰福高,T1913,泰福高保温杯
68,泰福高,T1920,泰福高保温杯
69,泰福高,T1921,泰福高保温杯
70,泰福高,T1922,泰福高保温杯
71,泰福高,T1923,泰福高保温杯
72,泰福高,T1930,泰福高保温杯
73,泰福高,T1931,泰福高保温杯
74,泰福高,T1932,泰福高保温杯
75,泰福高,T1933,泰福高保温杯
76,泰福高,T2003,泰福高焖烧杯
77,泰福高,T2004B,泰福高焖烧杯
78,泰福高,T2005,泰福高焖烧杯
79,泰福高,T2010,泰福高焖烧杯
80,泰福高,T2011,泰福高焖烧杯
81,泰福高,T2012,泰福高焖烧杯
82,泰福高,T2015,泰福高焖烧杯
83,泰福高,T2016,泰福高焖烧杯
84,泰福高,T2017,泰福高焖烧杯
85,泰福高,T2019,泰福高焖烧杯
86,泰福高,T2020,泰福高焖烧杯
87,泰福高,T2021,泰福高焖烧杯
88,泰福高,T2041,泰福高焖烧杯
89,泰福高,T2045,泰福高焖烧杯
90,泰福高,T2051,泰福高焖烧杯
349,泰福高,T2055,泰福高焖烧杯
91,泰福高,T2060,泰福高焖烧杯
92,泰福高,T2061,泰福高焖烧杯
93,泰福高,T2062,泰福高焖烧杯
94,泰福高,T2073,泰福高焖烧杯
95,泰福高,T2074,泰福高焖烧杯
96,泰福高,T2075,泰福高焖烧杯
97,泰福高,T2076,泰福高焖烧杯
98,泰福高,T2110,泰福高焖烧杯
99,泰福高,T2111,泰福高焖烧杯
100,泰福高,T2112,泰福高焖烧杯
101,泰福高,T2113,泰福高焖烧杯
102,泰福高,T2115,泰福高焖烧杯
103,泰福高,T2116,泰福高焖烧杯
104,泰福高,T2117,泰福高焖烧杯
105,泰福高,T2130,泰福高保温杯
106,泰福高,T2131,泰福高保温杯
107,泰福高,T2132,泰福高保温杯
108,泰福高,T2134,泰福高保温杯
508,泰福高,T2146,泰福高保温杯
509,泰福高,T2147,泰福高保温杯
408,泰福高,T2148,泰福高保温杯
109,泰福高,T2220,泰福高焖烧杯
373,泰福高,T2221,泰福高焖烧杯
110,泰福高,T2222,泰福高焖烧杯
111,泰福高,T2223,泰福高焖烧杯
112,泰福高,T2230,泰福高焖烧杯
113,泰福高,T2231,泰福高焖烧杯
114,泰福高,T2232,泰福高焖烧杯
115,泰福高,T2233,泰福高焖烧杯
116,泰福高,T2330,泰福高焖烧杯
117,泰福高,T2332,泰福高焖烧杯
118,泰福高,T2334,泰福高焖烧杯
119,泰福高,T2335,泰福高焖烧杯
120,泰福高,T2340,泰福高保温杯
121,泰福高,T2342,泰福高保温杯
122,泰福高,T2344,泰福高保温杯
123,泰福高,T2345,泰福高保温杯
124,泰福高,T2401,泰福高保温杯
125,泰福高,T2404,泰福高保温杯
126,泰福高,T2415,泰福高保温杯
127,泰福高,T2416,泰福高保温杯
128,泰福高,T2417,泰福高保温杯
129,泰福高,T2418,泰福高保温杯
130,泰福高,T2419,泰福高保温杯
131,泰福高,T2510,泰福高保温饭盒
530,泰福高,T2521,泰福高保温饭盒
132,泰福高,T2530,泰福高保温饭盒
525,泰福高,T2540,泰福高保温饭盒
526,泰福高,T2541,泰福高保温饭盒
527,泰福高,T2546,泰福高保温饭盒
528,泰福高,T2547,泰福高保温饭盒
133,泰福高,T2550,泰福高保温饭盒
134,泰福高,T2551,泰福高保温饭盒
135,泰福高,T2552,泰福高保温饭盒
136,泰福高,T2560,泰福高保温饭盒
137,泰福高,T2561,泰福高保温饭盒
138,泰福高,T2562,泰福高保温饭盒
416,泰福高,T2602,泰福高保温饭盒
427,泰福高,T2603,泰福高保温饭盒
139,泰福高,T2610,泰福高保温饭盒
140,泰福高,T2620,泰福高保温饭盒
141,泰福高,T2650,泰福高保温饭盒
142,泰福高,T2651,泰福高保温饭盒
143,泰福高,T2660,泰福高焖烧锅
144,泰福高,T2670,泰福高焖烧锅
145,泰福高,T2770,泰福高塑料杯
146,泰福高,T2771,泰福高塑料杯
147,泰福高,T2772,泰福高塑料杯
148,泰福高,T2780,泰福高塑料杯
149,泰福高,T2781,泰福高塑料杯
150,泰福高,T2782,泰福高塑料杯
151,泰福高,T4000,小猪佩奇保温杯
152,泰福高,T4001,小猪佩奇保温杯
153,泰福高,T4003,小猪佩奇保温杯
154,泰福高,T4004,小猪佩奇保温杯
440,泰福高,T4006,小猪佩奇保温杯
425,泰福高,T4007,小猪佩奇保温杯
155,泰福高,T4010,小猪佩奇保温杯
156,泰福高,T4011,小猪佩奇保温杯
157,泰福高,T4012,小猪佩奇保温杯
158,泰福高,T4013,小猪佩奇保温杯
377,泰福高,T4027,小猪佩奇保温饭盒
447,泰福高,T4030,小猪佩奇焖烧杯
451,泰福高,T4031,小猪佩奇焖烧杯
454,泰福高,T4033,小猪佩奇焖烧杯
503,泰福高,T4034,小猪佩奇焖烧杯
512,泰福高,T4036,小猪佩奇焖烧杯
497,泰福高,T4037,小猪佩奇焖烧杯
504,泰福高,T4050,小猪佩奇保温杯
505,泰福高,T4051,小猪佩奇保温杯
361,泰福高,T4200,小猪佩奇餐具
376,泰福高,T4203,小猪佩奇餐具
380,泰福高,T4204,小猪佩奇餐具
354,泰福高,T4206,小猪佩奇餐具
498,泰福高,T4207,小猪佩奇餐具
387,泰福高,T4210,小猪佩奇餐具
452,泰福高,T4211,小猪佩奇餐具
384,泰福高,T4213,小猪佩奇餐具
362,泰福高,T4214,小猪佩奇餐具
480,泰福高,T4220,小猪佩奇餐具
351,泰福高,T4230,小猪佩奇餐具
352,泰福高,T4231,小猪佩奇餐具
353,泰福高,T4233,小猪佩奇餐具
355,泰福高,T4234,小猪佩奇餐具
397,泰福高,T4600,小猪佩奇杯子
421,泰福高,T4601,小猪佩奇杯子
482,泰福高,T5440,泰福高泰迪熊保温杯
483,泰福高,T5441,泰福高泰迪熊保温杯
514,泰福高,T5446,泰福高泰迪熊保温杯
515,泰福高,T5447,泰福高泰迪熊保温杯
501,泰福高,T5460,泰福高泰迪熊保温杯
502,泰福高,T5461,泰福高泰迪熊保温杯
499,泰福高,T5470,泰福高泰迪熊保温杯
500,泰福高,T5471,泰福高泰迪熊保温杯
522,泰福高,T5480,泰福高泰迪熊保温杯
513,泰福高,T5481,泰福高泰迪熊保温杯
496,泰福高,T5482,泰福高泰迪熊保温杯
494,泰福高,T5490,泰福高泰迪熊保温杯
495,泰福高,T5561,泰福高泰迪熊保温杯
506,泰福高,T5580,泰福高泰迪熊保温杯
450,泰福高,T7102,泰福高保鲜盒
418,泰福高,T7103,泰福高保鲜盒
444,泰福高,T7105,泰福高保鲜盒
392,泰福高,T7107,泰福高保鲜盒
422,泰福高,T7108,泰福高保鲜盒
159,泰福高,T7401,泰福高保鲜盒
160,泰福高,T7402,泰福高保鲜盒
161,泰福高,T7408,泰福高保鲜盒
162,泰福高,T7414,泰福高保鲜盒
163,泰福高,T7800,泰福高保鲜盒
164,泰福高,T7801,泰福高保鲜盒
165,泰福高,T7802,泰福高保鲜盒
166,泰福高,T7803,泰福高保鲜盒
167,泰福高,T7804,泰福高保鲜盒
168,泰福高,T8300,泰福高保鲜盒
169,泰福高,T8400,泰福高保鲜盒
170,泰福高,T8401,泰福高保鲜盒
171,泰福高,T8500,泰福高保鲜盒
172,泰福高,T8501,泰福高保鲜盒
173,泰福高,T8502,泰福高保鲜盒
174,泰福高,T8503,泰福高保鲜盒
175,泰福高,T8504,泰福高保鲜盒
436,泰福高,T8510,泰福高保鲜盒
395,泰福高,T8520,泰福高保鲜盒
176,泰福高,Z5045筷子盒装,
177,泰福高,Z5046筷子opp袋,
417,泰福高,Z5065,
356,泰福高,Z5157,
178,原森太,BJ002,原森太杯架
179,原森太,CB002,原森太菜板
180,原森太,CB003,原森太菜板
181,原森太,CB004,原森太菜板
182,原森太,CB005,原森太菜板
183,原森太,CB006,原森太菜板
184,原森太,CB0060,原森太菜板
185,原森太,CB0061,原森太菜板
186,原森太,CB0062,原森太菜板
187,原森太,CB0063,原森太菜板
188,原森太,CB0064,原森太菜板
189,原森太,CB0065,原森太菜板
190,原森太,CB0066,原森太菜板
191,原森太,CB007,原森太菜板
399,原森太,CB0071,原森太菜板
531,原森太,CB0087,原森太菜板
192,原森太,CB009,原森太菜板
193,原森太,CB013,原森太菜板
194,原森太,CB014,原森太菜板
195,原森太,CB015,原森太菜板
196,原森太,CB019,原森太菜板
197,原森太,CB023,原森太菜板
198,原森太,CB024,原森太菜板
199,原森太,CB025,原森太菜板
200,原森太,CB028,原森太菜板
201,原森太,CB029,原森太菜板
202,原森太,CB030,原森太菜板
203,原森太,CB031,原森太菜板
204,原森太,CB032,原森太菜板
205,原森太,CB034,原森太菜板
206,原森太,CB035,原森太菜板
207,原森太,CB036,原森太菜板
208,原森太,CB037,原森太菜板
209,原森太,CB038,原森太菜板
210,原森太,CB042,原森太菜板
211,原森太,CBJ001,原森太杯架
212,原森太,CBJ002,原森太杯架
213,原森太,CBJ003,原森太杯架
214,原森太,CW001,原森太调料收纳罐
215,原森太,CY0017,原森太盘子
216,原森太,CY0018,原森太盘子
217,原森太,CY0019,原森太盘子
218,原森太,DS001,原森太盘子
219,原森太,GL001,原森太盘子
220,原森太,JJ002,原森太酒架
221,原森太,JJ003,原森太酒架
222,原森太,KZ003,原森太筷子
223,原森太,KZ006,原森太筷子
224,原森太,KZ008,原森太筷子
225,原森太,KZ010,原森太筷子
385,原森太,MB001,原森太厨具
226,原森太,MC001,原森太厨具
227,原森太,MF008,原森太研磨器
228,原森太,MF009,原森太研磨器
229,原森太,MF010,原森太研磨器
230,原森太,MF011,原森太研磨器
231,原森太,MT003,原森太米桶
232,原森太,MT004,原森太米桶
233,原森太,MT005,原森太米桶
234,原森太,MT006,原森太米桶
235,原森太,MT007,原森太米桶
236,原森太,MT008,原森太米桶
237,原森太,MT013,原森太米桶
238,原森太,MT014,原森太米桶
239,原森太,MT015,原森太米桶
240,原森太,MZ001,原森太面杖
241,原森太,MZ002,原森太面杖
242,原森太,MZ003,原森太面杖
243,原森太,MZ004,原森太面杖
244,原森太,MZ004-2,原森太面杖
245,原森太,MZ004-5,原森太面杖
246,原森太,MZ005,原森太面杖
247,原森太,MZ006,原森太面杖
248,原森太,MZ007,原森太面杖
249,原森太,MZ008,原森太面杖
250,原森太,MZ009,原森太面杖
251,原森太,MZ010,原森太面杖
252,原森太,PZ001,原森太盘子
253,原森太,PZ002,原森太盘子
254,原森太,PZ003,原森太盘子
255,原森太,PZ005,原森太盘子
256,原森太,PZ006,原森太盘子
257,原森太,PZ009,原森太盘子
258,原森太,PZ010,原森太盘子
259,原森太,PZ010-1,原森太盘子
260,原森太,PZ011,原森太盘子
261,原森太,PZ015,原森太盘子
262,原森太,PZ016,原森太盘子
263,原森太,PZ017,原森太盘子
264,原森太,PZ018,原森太盘子
265,原森太,PZ019,原森太盘子
266,原森太,PZ020,原森太盘子
267,原森太,PZ021,原森太盘子
268,原森太,PZ022,原森太盘子
269,原森太,PZ023,原森太盘子
524,原森太,PZ032,原森太盘子
270,原森太,RC001,原森太肉锤
271,原森太,SC001,原森太勺铲
272,原森太,SC002,原森太勺铲
273,原森太,SC003,原森太勺铲
274,原森太,SC008,原森太勺铲
275,原森太,SC020,原森太勺铲
276,原森太,SC021,原森太勺铲
277,原森太,SC022,原森太勺铲
278,原森太,SC023,原森太勺铲
279,原森太,SC024,原森太勺铲
280,原森太,SC025,原森太勺铲
411,原森太,SC035,原森太勺铲
412,原森太,SC036,原森太勺铲
413,原森太,SC037,原森太勺铲
414,原森太,SC038,原森太勺铲
281,原森太,SN004,原森太收纳盒
282,原森太,TW002,原森太收纳盒
283,原森太,TW003,原森太收纳盒
284,原森太,YM001,原森太架子
285,原森太,YM002,原森太架子
286,原森太,ZJ001,原森太纸巾架
287,原森太,ZJ002,原森太纸巾架
288,原森太,ZS001,原森太盘子
357,凯曼隆,开瓶器金色五件套,
289,凯曼隆,开瓶器金色六件套礼盒,
290,凯曼隆,开瓶器金色皮盒装,
291,凯曼隆,开瓶器金色简装,
292,凯曼隆,开瓶器黑色五件套,
293,凯曼隆,开瓶器黑色六件套礼盒,
294,凯曼隆,开瓶器黑色皮盒装,
295,凯曼隆,开瓶器黑色简装,
472,SP SAUCE,SP SAUCE 三合一多功能削皮器 清新蓝,
471,SP SAUCE,SP SAUCE 三合一多功能削皮器 薄荷绿,
468,SP SAUCE,SP SAUCE 三合一旋转削皮器,
467,SP SAUCE,SP SAUCE 三角金刚擦,
476,SP SAUCE,SP SAUCE 不锈钢烤架,
461,SP SAUCE,SP SAUCE 儿童勺叉套装,
455,SP SAUCE,SP SAUCE 分格透明塑料密封罐 大号,
424,SP SAUCE,SP SAUCE 分格透明塑料密封罐 小号,
460,SP SAUCE,SP SAUCE 厨房收纳架 锅盖架 刀架,
456,SP SAUCE,SP SAUCE 厨房用多功能剪刀 I M A,
457,SP SAUCE,SP SAUCE 去鱼鳞片,
473,SP SAUCE,SP SAUCE 圆形百洁刷,
459,SP SAUCE,SP SAUCE 多功能加厚淘米篮 果绿色小号,
458,SP SAUCE,SP SAUCE 多功能加厚淘米篮 白色色小号,
420,SP SAUCE,SP SAUCE 多用吸盘挂钩（卡通款）,
419,SP SAUCE,SP SAUCE 多用吸盘挂钩（经典款）,
448,SP SAUCE,SP SAUCE 天然椰棕杯刷,
449,SP SAUCE,SP SAUCE 天然椰棕锅刷,
426,SP SAUCE,SP SAUCE 手动榨汁器,
463,SP SAUCE,SP SAUCE 手柄海绵金刚擦,
462,SP SAUCE,SP SAUCE 手柄锅刷,
423,SP SAUCE,SP SAUCE 挂式水槽收纳篮,
466,SP SAUCE,SP SAUCE 橡木刀座,
464,SP SAUCE,SP SAUCE 水龙头节水花洒,
470,SP SAUCE,SP SAUCE 磨泥削皮器 清新蓝,
469,SP SAUCE,SP SAUCE 磨泥削皮器 薄荷绿,
475,SP SAUCE,SP SAUCE 纸巾毛巾多用架吸盘,
474,SP SAUCE,SP SAUCE 蔬菜水果大刨子,
465,SP SAUCE,SP SAUCE 计量勺 4P套装,
429,SP SAUCE,SP SAUCE 金刚砂海绵擦 三片装,
453,SP SAUCE,SP SAUCE 金刚砂海绵擦 单个装,
415,,不锈钢厨房置物架40单杯不带篮子,
358,,不锈钢菜板架,
406,,便当盒粉色,
410,,便当盒绿色,
433,,分格果盘米色,
430,,分格果盘粉色,
431,,分格果盘绿色,
432,,分格果盘蓝色,
363,,切沙拉神器,
443,,刨丝器圆盒绿色,
407,,刨丝器方盒红色,
441,,刨丝器方盒绿色,
492,,双层沥水篮北欧米,
491,,双层沥水篮北欧粉,
493,,双层沥水篮北欧绿,
490,,双层沥水篮北欧蓝,
523,,双层沥水篮方形北欧蓝,
519,,双层沥水篮方形粉色,
520,,双层沥水篮方形绿色,
521,,双层沥水篮方形蓝色,
507,,太空铝厨房置物架50cm单杯8钩,
391,,太空铝厨房置物架50cm双杯8钩,
359,,夹蒜器,
324,,密封罐1000ml,
325,,密封罐1250ml-95mmx212mm,
326,,密封罐500ml,
510,,密封罐750ml,
434,,小麦秸秆菜板中号,
435,,小麦秸秆菜板大号,
398,,小麦秸秆菜板小号,
481,,小麦花型果盘北欧米,
327,,弹簧款夹碗器,
328,,打蛋器,
329,,折叠款夹碗器,
404,,水饺盘米色大号,
405,,水饺盘米色小号,
394,,水饺盘粉色大号,
393,,水饺盘粉色小号,
402,,水饺盘绿色大号,
403,,水饺盘绿色小号,
400,,水饺盘蓝色大号,
401,,水饺盘蓝色小号,
330,,油壶,
390,,油壶圆柱型500ml,
378,,油壶梯形650ml,
389,,油壶梯形900ml,
379,,油壶葫芦形400ml,
331,,泡茶杯300ml小蜜蜂,
332,,泡茶杯350ml小苹果,
333,,泡茶杯450ml腰鼓杯,
334,,煎蛋器-圆,
335,,煎蛋器-星星,
336,,煎蛋器-爱心,
337,,煎蛋器-米老鼠,
338,,煎蛋器-花儿,
339,,研磨器大号,
340,,研磨器小号,
488,,硅胶保鲜盖升级款紫色,
485,,硅胶保鲜盖升级款透明色,
484,,硅胶保鲜盖大号三件套,
487,,硅胶保鲜盖小号三件套,
341,,硅胶刷橙色,
342,,硅胶刷红色,
343,,硅胶刷绿色,
396,,米桶塑料15公斤棕色,
446,,米桶塑料15公斤橙色,
486,,米桶塑料15公斤绿色,
439,,花型果盘灰色,
437,,花型果盘粉色,
438,,花型果盘蓝色,
344,,苹果切片器,
511,,葱花剪刀绿色,
409,,葱花剪刀蓝色,
346,,量杯1000ml,
347,,量杯350ml,
348,,量杯500ml,
365,,饺子器大,
360,,饺子器小,
